[
  {
    "equipe": "Sinopse",
    "jogadores": [
      "jurandir ",
      "jesie"
    ],
    "tempo": "00:02:00"
  },
  {
    "equipe": "jucadore",
    "jogadores": [
      "marco, jesie"
    ],
    "tempo": "00:02:03"
  },
  {
    "equipe": "moinho",
    "jogadores": [
      "tutu, lelel,mario"
    ],
    "tempo": "00:02:14"
  },
  {
    "equipe": "caçador",
    "jogadores": [
      "jaja, monis, dudu"
    ],
    "tempo": "00:02:16"
  },
  {
    "equipe": "gamaju",
    "jogadores": [
      "gabriel, marcia, julia"
    ],
    "tempo": "00:17:06"
  },
  {
    "equipe": "Elétrica",
    "jogadores": [
      "dedemus"
    ],
    "tempo": "84:30:02"
  },
  {
    "nome": "Marco",
    "tempo": 196
  },
  {
    "nome": "Trupe",
    "tempo": 286
  },
  {
    "nome": "undefined",
    "tempo": 353
  },
  {
    "nome": "dora loka ",
    "tempo": 145131
  },
  {
    "equipe": "CSS",
    "jogadores": [
      "joca"
    ],
    "tempo": null
  },
  {
    "equipe": "eee",
    "jogadores": [
      "joca"
    ],
    "tempo": "Ainda não finalizado"
  },
  {
    "equipe": "dort",
    "jogadores": [
      "marco"
    ],
    "tempo": "Ainda não finalizado"
  },
  {
    "equipe": "mTD|EI||CHOs",
    "jogadores": [
      "jesie"
    ],
    "tempo": "Ainda não finalizado"
  },
  {
    "equipe": "tinus",
    "jogadores": [
      "marco"
    ],
    "tempo": "Ainda não finalizado"
  },
  {
    "equipe": "deitus",
    "jogadores": [
      "marco"
    ],
    "tempo": "2:4"
  },
  {
    "equipe": "Chaverick Patrick",
    "jogadores": [
      "Chaverick Patrick"
    ],
    "tempo": "Ainda não finalizado"
  }
]